,Date,Adj_Cost
0,2014-05-04,282739.0879820981
1,2014-05-05,1071.0955980058234
2,2014-05-15,3447.346531631758
3,2014-05-18,3971.602202298869
4,2014-05-19,24189.23577335623
5,2014-05-22,2927.9291354814204
6,2014-05-23,3245.1803742161537
7,2014-05-24,777.6625935024981
8,2014-05-26,5243.649964083532
9,2014-05-27,274.7843393208549
10,2014-05-29,14721.910961811955
11,2014-05-30,7138.542516323198
12,2014-05-31,0.0
13,2014-06-01,562.7434845087182
14,2014-06-02,1015.3442933213106
15,2014-06-03,222.74256292741399
16,2014-06-04,312563.6053048291
17,2014-06-05,17489.34067879676
18,2014-06-06,1601.081405638499
19,2014-06-08,145643.21443939107
20,2014-06-09,20429.667913471363
21,2014-06-10,1032.5949690415214
22,2014-06-12,2280.5444700307535
23,2014-06-13,6527.059023245674
24,2014-06-15,3479.146962283503
25,2014-06-16,51887.716380958635
26,2014-06-19,16446.31178100432
27,2014-06-20,206.2209595750195
28,2014-06-21,1152.235389531171
29,2014-06-22,4467.614586433372
30,2014-06-23,7538.9794069263
31,2014-06-26,1547.4758776945362
32,2014-06-27,6324.622051213579
33,2014-06-28,5722.663252350554
34,2014-06-30,11770.570789688973
35,2014-07-03,16679.48012430068
36,2014-07-04,407795.23497526825
37,2014-07-05,849.1696663802257
38,2014-07-06,9166.789579581757
39,2014-07-07,2368.79416237982
40,2014-07-10,2574.725171957785
41,2014-07-11,21629.377791891435
42,2014-07-12,2427.8552724443643
43,2014-07-14,50964.337246730116
44,2014-07-18,14086.802971348621
45,2014-07-19,292.02090174990644
46,2014-07-20,771.1370735039987
47,2014-07-21,6164.251198588263
48,2014-07-25,130.7354702223807
49,2014-07-26,8644.399266168402
50,2014-07-27,2082.6471606359573
51,2014-07-28,10699.659114457492
52,2014-07-31,6267.411230612044
53,2014-08-02,1375.0388166245293
54,2014-08-03,5702.49172840013
55,2014-08-04,282201.81095151865
56,2014-08-05,2887.2559462943022
57,2014-08-07,3350.195838398691
58,2014-08-08,19840.752144166432
59,2014-08-09,4262.076534602305
60,2014-08-11,6457.775804628138
61,2014-08-14,0.0
62,2014-08-15,12084.135199297705
63,2014-08-17,57543.73823267823
64,2014-08-21,4196.805505592118
65,2014-08-23,5071.138866427468
66,2014-08-28,26601.656982753597
67,2014-09-01,4183.964430172211
68,2014-09-03,14849.176691172737
69,2014-09-04,330451.97428089235
70,2014-09-05,3974.383967184465
71,2014-09-08,21152.953536673012
72,2014-09-09,3215.0503803595293
73,2014-09-11,1800.3751125993076
74,2014-09-12,11567.893238305078
75,2014-09-13,9229.8988837722
76,2014-09-14,83909.08887496646
77,2014-09-15,27969.636320896818
78,2014-09-16,10290.28773926576
79,2014-09-18,4854.264068583671
80,2014-09-19,758.7366920856226
81,2014-09-21,17.081567999999923
82,2014-09-22,7809.559860776113
83,2014-09-23,277.151814
84,2014-09-25,2568.156985646855
85,2014-09-28,23535.732187601225
86,2014-09-29,4425.335741086345
87,2014-09-30,1662.645973383382
88,2014-10-02,5569.251266123048
89,2014-10-03,2860.1372166425836
90,2014-10-04,285186.36757758685
91,2014-10-05,67074.63118341813
92,2014-10-06,1664.2058765845854
93,2014-10-07,702.1058892512266
94,2014-10-09,21676.363168534015
95,2014-10-10,36804.753103136274
96,2014-10-11,482.8054488478412
97,2014-10-13,9216.377674964988
98,2014-10-14,7029.910667293068
99,2014-10-17,7091.455892448716
100,2014-10-18,4658.413650551989
101,2014-10-19,3892.815328761246
102,2014-10-20,4671.345027128367
103,2014-10-23,5076.66389230931
104,2014-10-24,1568.8601003581332
105,2014-10-25,1118.7225899999999
106,2014-10-27,9062.782426918739
107,2014-10-28,8638.96705068495
108,2014-10-30,12593.885697218706
109,2014-11-01,2634.5319835135247
110,2014-11-02,4205.141783857871
111,2014-11-03,9503.476327502965
112,2014-11-04,207161.9021973176
113,2014-11-06,9391.566017301982
114,2014-11-07,10456.013982832748
115,2014-11-08,46632.98248801711
116,2014-11-09,139.92431594016765
117,2014-11-10,5846.299671971696
118,2014-11-11,21714.611553284918
119,2014-11-13,79220.29083342155
120,2014-11-15,12412.638074337196
121,2014-11-16,616.9389144570478
122,2014-11-17,13047.241335808121
123,2014-11-18,1046.4557845478948
124,2014-11-20,1549.4641963592635
125,2014-11-21,0.0
126,2014-11-22,988.9156810436635
127,2014-11-23,382.4883764093365
128,2014-11-24,1024.8029284610857
129,2014-11-27,16475.73777966686
130,2014-11-28,427.96889952110456
131,2014-11-30,54216.854370822
132,2014-12-01,1610.1285430156165
133,2014-12-03,5633.432254920122
134,2014-12-04,123291.92430156792
135,2014-12-05,1944.4637229854634
136,2014-12-07,10083.435301329235
137,2014-12-08,1825.1491897513206
138,2014-12-09,327.30698336315737
139,2014-12-13,4062.8277611685835
140,2014-12-14,4281.1444541870915
141,2014-12-15,49.319999999993996
142,2014-12-18,120999.77257174363
143,2014-12-19,6500.321700163549
144,2014-12-20,3318.385131433779
145,2014-12-22,6263.530148138819
146,2014-12-26,614.6876312211394
147,2014-12-31,61020.0
148,2015-01-02,480.5555878555208
149,2015-01-05,337508.991778976
150,2015-01-08,6252.8706
151,2015-01-10,0.0
152,2015-01-11,6222.817782436005
153,2015-01-12,9396.60707057346
154,2015-01-13,52845.636531854485
155,2015-01-15,2197.7624819321513
156,2015-01-16,2800.8975807245283
157,2015-01-17,733.3341038223602
158,2015-01-18,25428.007282460487
159,2015-01-19,26680.87308023478
160,2015-01-20,1450.6408591460104
161,2015-01-22,2964.585080822338
162,2015-01-23,0.0
163,2015-01-25,2781.6291245815164
164,2015-01-26,128150.86486467483
165,2015-01-27,2092.514060182093
166,2015-01-28,4621.462734020867
167,2015-01-29,16866.51172064955
168,2015-01-30,47619.742530105446
169,2015-01-31,9700.6420972214
170,2015-02-01,130744.29554806996
171,2015-02-02,15873.562883131504
172,2015-02-03,2453.4152682394924
173,2015-02-04,289429.8664452543
174,2015-02-05,12224.754796202813
175,2015-02-06,21253.40562563897
176,2015-02-07,51.74102570206864
177,2015-02-08,10620.436755502431
178,2015-02-09,18833.044996171462
179,2015-02-10,1774.1486360500476
180,2015-02-12,2452.5609436920545
181,2015-02-13,29493.27476752373
182,2015-02-14,12306.181256826923
183,2015-02-15,16810.25304252472
184,2015-02-16,7493.279133086227
185,2015-02-17,1440.180799216115
186,2015-02-18,5677.930966393558
187,2015-02-19,925.9112310787358
188,2015-02-20,6043.593012496058
189,2015-02-21,584.517643955999
190,2015-02-22,533.4171562989353
191,2015-02-23,22899.609455714675
192,2015-02-26,5633.082290775327
193,2015-02-27,5174.003677452018
194,2015-02-28,15160.928495501928
195,2015-03-01,40777.206394922534
196,2015-03-02,30246.0
197,2015-03-03,8677.5146764868
198,2015-03-04,155200.97010020705
199,2015-03-05,5350.009248944408
200,2015-03-06,1954.8853952929874
201,2015-03-07,3318.4025621596625
202,2015-03-08,1877.9293112877622
203,2015-03-09,22575.936375391648
204,2015-03-12,11645.320207745312
205,2015-03-13,78497.25882953205
206,2015-03-14,2045.920324025163
207,2015-03-15,8384.095820698138
208,2015-03-16,15911.805700684685
209,2015-03-18,1030.6305779859879
210,2015-03-19,1784.4877610116068
211,2015-03-20,1893.5678608676935
212,2015-03-21,183.14999999999668
213,2015-03-23,2085.471200434233
214,2015-03-26,3521.7999877514303
215,2015-03-28,174262.68063591214
216,2015-03-29,387.6912
217,2015-03-30,2334.4681041050862
218,2015-04-02,4864.130505112119
219,2015-04-03,10115.239976074521
220,2015-04-04,204934.52784355823
221,2015-04-05,607.7821979847646
222,2015-04-06,109.65270692666121
223,2015-04-10,615.7959659999999
224,2015-04-11,19017.425858039693
225,2015-04-12,64812.272223794804
226,2015-04-13,90611.70316408695
227,2015-04-14,2649.051454440757
228,2015-04-16,4851.4161637232055
229,2015-04-17,983.7744670637445
230,2015-04-18,5692.814134605324
231,2015-04-20,6067.184659837381
232,2015-04-21,1040.1130448637007
233,2015-04-23,1923.8535244744787
234,2015-04-24,2007.7683405471212
235,2015-04-25,34668.853221013254
236,2015-04-26,930055.8430743947
237,2015-04-27,23882.506859348614
238,2015-04-28,12831.350564794702
239,2015-04-30,-5579937.521032403
240,2015-05-02,843.5437253466154
241,2015-05-03,32441.408218475088
242,2015-05-04,229219.70737983234
243,2015-05-07,836.6949617360432
244,2015-05-08,1538.2485478912251
245,2015-05-09,2290.0357487374968
246,2015-05-10,9822.324224291848
247,2015-05-11,34611.5531516052
248,2015-05-12,12248.528742121582
249,2015-05-13,53461.257880822115
250,2015-05-14,34922.90020241084
251,2015-05-15,1250.768842934338
252,2015-05-16,0.0
253,2015-05-17,8835.903585520728
254,2015-05-18,6247.8051822189345
255,2015-05-19,4357.851790029374
256,2015-05-21,5673.299306754412
257,2015-05-22,135.0
258,2015-05-23,75582.39781370414
259,2015-05-24,917.2218840970131
260,2015-05-25,19055.428629607817
261,2015-05-28,2865.9978961046795
262,2015-06-01,8136.041272127552
263,2015-06-02,11107.436336100429
264,2015-06-03,13860.556530279782
265,2015-06-04,212594.56350529523
266,2015-06-05,14500.262623862258
267,2015-06-06,1094.4030615210565
268,2015-06-07,12928.756325549517
269,2015-06-08,18796.345307637028
270,2015-06-09,2964.9755352182906
271,2015-06-11,16251.892914847918
272,2015-06-12,166.6002427287083
273,2015-06-13,21042.341967685654
274,2015-06-14,18194.664424152106
275,2015-06-15,15583.973151014456
276,2015-06-16,5393.144111715567
277,2015-06-18,3892.456632407353
278,2015-06-19,13235.88545748157
279,2015-06-20,18143.93795430698
280,2015-06-22,5655.128797762503
281,2015-06-25,6748.877941472811
282,2015-06-26,1072.8542880114135
283,2015-06-27,5834.700176338134
284,2015-06-28,10326.263234025906
285,2015-06-29,101747.0241422282
286,2015-07-02,9476.799423153812
287,2015-07-03,39384.34443284383
288,2015-07-04,173028.1459399535
289,2015-07-05,15459.649988554609
290,2015-07-06,41953.969927753315
291,2015-07-07,6151.53654555964
292,2015-07-09,58037.21669299827
293,2015-07-10,10288.540397355984
294,2015-07-11,2277.6999783971355
295,2015-07-13,9587.41315862464
296,2015-07-14,14051.298200313067
297,2015-07-16,900.7674466656745
298,2015-07-17,12447.261560812665
299,2015-07-18,35236.60243180961
300,2015-07-20,14254.691615136875
301,2015-07-23,931.0926948327334
302,2015-07-24,75.762
303,2015-07-25,19031.15844523291
304,2015-07-26,9820.582416393507
305,2015-07-27,10040.042013809274
306,2015-07-28,8901.500964214712
307,2015-07-30,1555.319921061084
308,2015-07-31,14513.863466804158
309,2015-08-01,50089.8608190955
310,2015-08-02,4179.31903900816
311,2015-08-03,104895.557553378
312,2015-08-04,409339.24365020596
313,2015-08-06,1866.6708351032432
314,2015-08-07,188.610036
315,2015-08-08,7307.509976303121
316,2015-08-10,16496.75061796719
317,2015-08-13,8719.619290380182
318,2015-08-15,3713.4266986348393
319,2015-08-16,90080.46102011805
320,2015-08-17,10024.027622506763
321,2015-08-18,1961.7171339027752
322,2015-08-20,3097.414622166547
323,2015-08-21,384.35944915615966
324,2015-08-22,32232.272386292545
325,2015-08-23,5329.001088331423
326,2015-08-24,57132.62628838237
327,2015-08-27,2452.2651477168424
328,2015-08-28,21190.970291549263
329,2015-08-29,707.0336525043165
330,2015-09-03,8198.858474721614
331,2015-09-04,356394.814054284
332,2015-09-05,39489.13570354079
333,2015-09-06,4250.587150163369
334,2015-09-07,16793.93913074145
335,2015-09-08,3014.4787460500315
336,2015-09-10,163.944
337,2015-09-11,8503.498498065654
338,2015-09-12,15175.825393366636
339,2015-09-13,61479.98134240223
340,2015-09-14,5995.421983914218
341,2015-09-15,12098.551433376995
342,2015-09-17,4511.262199880582
343,2015-09-18,14523.566967895114
344,2015-09-19,2442.853865964999
345,2015-09-20,32153.61004285446
346,2015-09-21,2951.2492085844124
347,2015-09-23,1010.0964834797701
348,2015-09-24,427.7770848541461
349,2015-09-25,6000.8671984526645
350,2015-09-26,1220.4338018399224
351,2015-09-27,5743.731260386135
352,2015-09-28,83689.52059942805
353,2015-10-01,20387.83796345983
354,2015-10-02,0.0
355,2015-10-03,10490.158106662928
356,2015-10-04,524595.939315369
357,2015-10-08,3882.4071088611217
358,2015-10-11,8540.453259432541
359,2015-10-12,20707.904971004275
360,2015-10-13,5485.595626792767
361,2015-10-15,2348.593795661428
362,2015-10-18,9762.730682662776
363,2015-10-19,22626.661511529022
364,2015-10-20,19714.28790725673
365,2015-10-22,5478.382821912667
366,2015-10-23,5676.812306754446
367,2015-10-24,16850.934677388406
368,2015-10-25,2263.3200436057837
369,2015-10-26,12349.974847075347
370,2015-10-27,1061.883228892782
371,2015-10-28,5675.892064304019
372,2015-10-29,6705.30454034808
373,2015-10-30,236.37302481169257
374,2015-11-02,15626.950130849562
375,2015-11-03,3697.6824911113763
376,2015-11-04,319274.1816968538
377,2015-11-05,5706.58151302695
378,2015-11-06,34183.49918811579
379,2015-11-07,4701.7291465190565
380,2015-11-08,5197.577181568928
381,2015-11-09,24947.11654494236
382,2015-11-10,989.0999999999999
383,2015-11-12,3635.6004133153197
384,2015-11-13,8587.086693799713
385,2015-11-14,6590.652781439227
386,2015-11-15,448.94312141792057
387,2015-11-16,4500.219499372801
388,2015-11-17,9913.224680318372
389,2015-11-18,17757.341800814174
390,2015-11-19,385.2
391,2015-11-20,980.1852626362464
392,2015-11-23,15591.41413854529
393,2015-11-24,10123.893150696586
394,2015-11-26,527.8079388242602
395,2015-11-27,2145.044917635557
396,2015-11-28,47645.09744539274
397,2015-11-29,107.99999999999999
398,2015-11-30,0.0
399,2015-12-03,13727.844597654912
400,2015-12-04,161411.47670344662
401,2015-12-07,10728.081313924069
402,2015-12-08,295.2774
403,2015-12-13,56561.52699785196
404,2015-12-14,4973.46548319823
405,2015-12-15,1058.0544
406,2015-12-17,3468.1574162713664
407,2015-12-19,7244.719730522743
408,2015-12-22,2795.5156823173147
409,2015-12-25,219.97794569796122
410,2016-01-02,2374.1462500419457
411,2016-01-05,436242.14199356764
412,2016-01-07,72.46389247415398
413,2016-01-08,7184.149200000001
414,2016-01-10,991.2581931820685
415,2016-01-11,11552.206442932737
416,2016-01-12,9907.642706025712
417,2016-01-13,39731.98946993446
418,2016-01-14,17686.703163144102
419,2016-01-15,3007.4899064420815
420,2016-01-16,50.3388
421,2016-01-17,6667.838784651504
422,2016-01-18,26961.348231942153
423,2016-01-19,1496.3878228293613
424,2016-01-21,3278.4014570429986
425,2016-01-23,3024.484180191027
426,2016-01-24,3112.048858938632
427,2016-01-25,3059.902556106076
428,2016-01-28,9261.030044399313
429,2016-01-31,27160.930152787118
430,2016-02-02,2987.7233424737797
431,2016-02-03,6299.049239504146
432,2016-02-04,331303.0033555842
433,2016-02-05,11084.132216287951
434,2016-02-06,24415.808621772823
435,2016-02-07,13739.483450533524
436,2016-02-08,8473.630109743746
437,2016-02-09,2587.9359750821864
438,2016-02-11,426.3335532438108
439,2016-02-12,1700.7543309297603
440,2016-02-13,26469.09427862868
441,2016-02-14,1074.5369413736307
442,2016-02-15,45148.4040337814
443,2016-02-18,61756.5831441601
444,2016-02-20,427.268364
445,2016-02-21,2109.6
446,2016-02-22,9687.566281763467
447,2016-02-23,12720.552578348437
448,2016-02-25,3617.382242399909
449,2016-02-26,643.5958043500667
450,2016-02-27,3327.985028429757
451,2016-02-28,356.8243245762175
452,2016-03-03,7855.463720806652
453,2016-03-04,341426.0061238543
454,2016-03-05,2171.599436087328
455,2016-03-06,7099.4230117429
456,2016-03-08,1058.0544
457,2016-03-10,391.28579201374
458,2016-03-11,235.00197672608013
459,2016-03-12,14585.641929669831
460,2016-03-13,12251.887740967233
461,2016-03-14,4692.9496250331085
462,2016-03-17,4821.231661862563
463,2016-03-18,11329.542087084277
464,2016-03-19,39803.34996277001
465,2016-03-20,10743.442234780108
466,2016-03-21,17876.339904028817
467,2016-03-22,2849.1748930291324
468,2016-03-23,5478.226704629598
469,2016-03-24,35125.632935143425
470,2016-03-25,4507.265184801329
471,2016-03-26,3069.008125192985
472,2016-03-27,102937.87420183742
473,2016-03-28,21860.886692463188
474,2016-04-01,1569.3730069916917
475,2016-04-02,446.52539732152695
476,2016-04-03,13241.173072738498
477,2016-04-04,440915.45417825406
478,2016-04-08,5978.605919290915
479,2016-04-10,16610.501597138387
480,2016-04-11,1535.2054487709795
481,2016-04-12,1943.1218606468083
482,2016-04-13,1360.0782618350186
483,2016-04-14,7835.052097611811
484,2016-04-15,11590.655526207744
485,2016-04-16,21666.981838101437
486,2016-04-17,2674.079586121116
487,2016-04-18,73156.81513891365
488,2016-04-21,8747.080104599885
489,2016-04-22,2475.971031522602
490,2016-04-23,8888.30167959539
491,2016-04-24,1246.3208831268444
492,2016-04-25,23255.949880960892
493,2016-04-26,8461.195032373857
494,2016-04-28,8974.745197225031
495,2016-04-29,3095.620543877395
496,2016-04-30,1117.2792425404666
497,2016-05-01,53609.95278739519
498,2016-05-02,2341.1919574352737
499,2016-05-03,12135.10074273928
500,2016-05-04,356713.6390777338
501,2016-05-05,485.316
502,2016-05-07,30262.38358886576
503,2016-05-08,19431.100965133868
504,2016-05-09,44652.59402729711
505,2016-05-10,2199.545065495128
506,2016-05-12,38035.03522233595
507,2016-05-13,3269.8302995686263
508,2016-05-14,66388.73277711862
509,2016-05-15,4021.4568714877573
510,2016-05-16,11402.993309119807
511,2016-05-17,7817.552779775747
512,2016-05-18,2735.9999999999986
513,2016-05-19,9199.844477067161
514,2016-05-20,6804.636482114562
515,2016-05-22,13419.77761881933
516,2016-05-23,50643.71842763504
517,2016-05-28,17373.83692109738
518,2016-05-29,3938.545728551526
519,2016-05-30,21236.689445567165
520,2016-05-31,5592.999656182617
521,2016-06-02,545.904
522,2016-06-03,22033.68234157137
523,2016-06-04,338420.48867592035
524,2016-06-06,3944.1734963066183
525,2016-06-07,1878.4204671897471
526,2016-06-09,3414.572345378517
527,2016-06-10,15518.62959889797
528,2016-06-11,9196.342717340734
529,2016-06-12,3009.9478010902885
530,2016-06-13,19736.59857883296
531,2016-06-14,1870.0595452289617
532,2016-06-16,85183.79128839317
533,2016-06-17,1572.5053865111984
534,2016-06-18,8125.374370776577
535,2016-06-19,1461.9210096479403
536,2016-06-20,23899.677903977918
537,2016-06-21,1533.2384796092635
538,2016-06-23,94871.3138785434
539,2016-06-24,6925.415143636118
540,2016-06-25,36683.40294268948
541,2016-06-26,2242.931091606134
542,2016-06-27,29408.7129227979
543,2016-06-28,8795.004430118142
544,2016-06-30,2872.4635021127765
545,2016-07-01,1745.5577926061908
546,2016-07-02,1098.598201722458
547,2016-07-03,38113.55445707845
548,2016-07-04,766855.124030243
549,2016-07-05,3693.3708345901364
550,2016-07-07,58140.34974923452
551,2016-07-08,6545.869224315338
552,2016-07-09,9183.415549319827
553,2016-07-10,5791.362161476688
554,2016-07-12,489.5982
555,2016-07-14,17243.01591864008
556,2016-07-18,13751.69836116165
557,2016-07-21,2033.9561533566884
558,2016-07-22,6893.647782761783
559,2016-07-23,20330.36754224417
560,2016-07-24,25921.20366171438
561,2016-07-25,9344.021017862176
562,2016-07-26,2143.252665196276
563,2016-07-28,4116.589859856572
564,2016-07-30,786.1170401140865
565,2016-07-31,60072.82858021135
566,2016-08-01,5541.546100331815
567,2016-08-02,11527.885552640191
568,2016-08-03,14843.868541959597
569,2016-08-04,748129.646761684
570,2016-08-05,400.9083049788381
571,2016-08-06,9188.451809166607
572,2016-08-07,353.0115091007767
573,2016-08-08,7039.567199486956
574,2016-08-09,4674.658327892122
575,2016-08-11,1111.4453066768867
576,2016-08-12,25555.974845101595
577,2016-08-13,27039.150526476653
578,2016-08-14,1342.602
579,2016-08-15,12368.245969546122
580,2016-08-16,3098.8468550599223
581,2016-08-20,16194.75250206991
582,2016-08-21,21673.801549150347
583,2016-08-22,9173.883599231067
584,2016-08-23,4558.366997172064
585,2016-08-25,13128.115627970281
586,2016-08-26,32213.907694230104
587,2016-08-27,17959.567303475524
588,2016-08-28,36886.8990949408
589,2016-08-29,2163.9178728556017
590,2016-08-30,79603.40368805258
591,2016-09-03,6389.663709683561
592,2016-09-04,591225.9795709299
593,2016-09-08,16.3728
594,2016-09-09,14087.758182404456
595,2016-09-10,7977.3680236653745
596,2016-09-11,1111.8862357184223
597,2016-09-12,5933.706592753952
598,2016-09-13,16022.294672547834
599,2016-09-15,9722.382253016216
600,2016-09-16,15541.287571678628
601,2016-09-17,25347.61389999688
602,2016-09-18,7629.170331897324
603,2016-09-19,8045.321160838646
604,2016-09-20,6934.942133302067
605,2016-09-23,4553.07703215205
606,2016-09-24,1152.1887441701308
607,2016-09-25,43369.52254118018
608,2016-09-26,14729.259220743876
609,2016-09-27,5450.032301606428
610,2016-09-28,1697.0874074104518
611,2016-09-29,13004.210481016393
612,2016-09-30,938.6925889805343
613,2016-10-01,1871.7849808035294
614,2016-10-03,26995.20410930591
615,2016-10-04,631731.1533571753
616,2016-10-06,643.6840144176643
617,2016-10-07,0.0
618,2016-10-08,4388.19681843276
619,2016-10-09,5748.726862622474
620,2016-10-10,17473.96286650408
621,2016-10-11,8870.980579661657
622,2016-10-15,22352.184216143352
623,2016-10-16,3197.6212591549333
624,2016-10-17,698.0417369288078
625,2016-10-18,2583.6647258084795
626,2016-10-20,65563.2689062586
627,2016-10-21,9338.880024527722
628,2016-10-23,2984.1342467842082
629,2016-10-24,7534.625356233741
630,2016-10-25,3332.782151422156
631,2016-10-28,13190.24267559679
632,2016-10-30,12282.897479399095
633,2016-10-31,2885.9928388952167
634,2016-11-03,4307.8068053298875
635,2016-11-04,630550.697182158
636,2016-11-05,9374.360800012484
637,2016-11-06,6776.285231177557
638,2016-11-07,43651.16062814001
639,2016-11-10,3408.487048989502
640,2016-11-11,5056.592816764594
641,2016-11-12,462.35798307700014
642,2016-11-13,10099.944157489517
643,2016-11-14,17983.370877085632
644,2016-11-18,14588.829544032185
645,2016-11-19,6065.389424726409
646,2016-11-20,41368.55849908326
647,2016-11-21,5814.467732209831
648,2016-11-22,494.54999999999995
649,2016-11-24,98915.52287863415
650,2016-11-25,4208.896854799914
651,2016-11-26,45058.99380979174
652,2016-11-28,51785.67020127318
653,2016-11-29,522814.4850606725
654,2016-12-02,4687.799417973427
655,2016-12-03,5394.303550223555
656,2016-12-04,574393.1779069137
657,2016-12-06,1219.4754
658,2016-12-08,37633.270980924244
659,2016-12-09,1222.2164866142612
660,2016-12-10,6462.546667978516
661,2016-12-11,4432.112594881458
662,2016-12-12,6784.24527781008
663,2016-12-13,4373.680585525129
664,2016-12-15,21440.396398736055
665,2016-12-17,382226.6410744581
666,2016-12-18,10498.513439758062
667,2016-12-19,16062.221286360389
668,2016-12-23,4405.915767656488
669,2016-12-24,3157.8799175679474
670,2016-12-25,16126.554539535296
671,2016-12-26,59092.38122851657
672,2017-01-02,161.9478993511306
673,2017-01-05,680549.3961564522
674,2017-01-06,6972.962352080483
675,2017-01-07,14893.944179170405
676,2017-01-08,7827.73897846687
677,2017-01-12,345.16799999999995
678,2017-01-13,2142.6361449094907
679,2017-01-14,36955.61548968448
680,2017-01-15,77986.45888930927
681,2017-01-16,26986.45717738854
682,2017-01-17,3091.6513335988343
683,2017-01-18,12579.131916758366
684,2017-01-19,9227.123009581404
685,2017-01-20,201.4991999999999
686,2017-01-21,4877.981610002847
687,2017-01-22,9256.616917304782
688,2017-01-23,11056.415585605184
689,2017-01-27,1918.7887043586688
690,2017-01-28,26495.643731111522
691,2017-01-29,25225.56944659496
692,2017-01-30,53643.77776824932
693,2017-01-31,6163.0799869739085
694,2017-02-02,1473.8920619731034
695,2017-02-03,5532.766129742097
696,2017-02-04,669526.6790052581
697,2017-02-06,6882.625204345592
698,2017-02-07,1217.658
699,2017-02-09,13420.913908693461
700,2017-02-10,6582.818811011228
701,2017-02-11,11519.892340223172
702,2017-02-12,1429.1914933567086
703,2017-02-13,27831.774930822154
704,2017-02-14,1742.8865999999998
705,2017-02-17,1607.6241609913204
706,2017-02-18,3637.819441987972
707,2017-02-20,2855.160585130838
708,2017-02-21,2588.1865400227703
709,2017-02-23,97048.31803565809
710,2017-02-24,4927.766039812721
711,2017-02-25,66231.66565557306
712,2017-02-27,5300.538794311253
713,2017-02-28,4581.590050187977
714,2017-03-03,5779.907697440278
715,2017-03-04,390516.46051135106
716,2017-03-06,3678.4034987718337
717,2017-03-07,9804.633127172947
718,2017-03-10,463.0574230040576
719,2017-03-11,10050.944251825724
720,2017-03-12,2508.094883012027
721,2017-03-13,13265.890563014242
722,2017-03-14,10574.330953852908
723,2017-03-17,22371.628080187926
724,2017-03-18,15248.612528837324
725,2017-03-19,94524.91258382278
726,2017-03-20,8597.446439493937
727,2017-03-21,8176.036157899551
728,2017-03-23,11433.90635443135
729,2017-03-25,7678.968726230532
730,2017-03-26,9683.31276449697
731,2017-03-27,7508.041200095034
732,2017-03-28,22953.665333077766
733,2017-03-30,7611.64830956621
734,2017-03-31,27747.998841883065
735,2017-04-01,7683.018954376706
736,2017-04-03,50834.600190751386
737,2017-04-04,338651.0736300029
738,2017-04-06,1483.551438503353
739,2017-04-07,9535.138628150115
740,2017-04-08,31976.8074279833
741,2017-04-09,1692.612234015068
742,2017-04-10,15484.690852478745
743,2017-04-11,2335.175980663086
744,2017-04-13,69766.97115791719
745,2017-04-14,24631.105124475132
746,2017-04-15,2312.879778735611
747,2017-04-18,29546.520573457212
748,2017-04-21,4958.156317252259
749,2017-04-22,221120.12295241002
750,2017-04-23,130788.80469450273
751,2017-04-24,313932.20373946015
752,2017-04-25,4277.322738647478
753,2017-04-27,39784.001735488644
754,2017-04-28,6766.40834654175
755,2017-04-29,2897.886507968477
756,2017-04-30,6789.028762608381
757,2017-05-01,145029.91966378494
758,2017-05-02,423.9195017861421
759,2017-05-03,26189.23037505891
760,2017-05-04,612317.2032029367
761,2017-05-05,12503.02228500699
762,2017-05-06,16151.927129066034
763,2017-05-07,36.02944800000001
764,2017-05-08,267414.2869692478
765,2017-05-11,29753.32449808195
766,2017-05-12,28293.83625010544
767,2017-05-13,30242.150614256447
768,2017-05-14,18588.3385285068
769,2017-05-15,72965.2770681971
770,2017-05-16,7550.085327316075
771,2017-05-18,22488.57296708726
772,2017-05-19,14915.712102603244
773,2017-05-20,10824.309968875734
774,2017-05-21,69250.10209547458
775,2017-05-22,34051.60774870517
776,2017-05-23,3920.395870440551
777,2017-05-25,5731.514696652355
778,2017-05-26,1864.6773084682163
779,2017-05-27,12701.808731592715
780,2017-05-28,8480.530307687957
781,2017-05-29,4940.241971685264
782,2017-05-30,5413.073217263951
783,2017-06-01,13861.695292766784
784,2017-06-02,1019.7201912168913
785,2017-06-03,87443.29827110228
786,2017-06-04,982805.023912569
787,2017-06-08,8081.304632010994
788,2017-06-09,3752.2917077965367
789,2017-06-10,1074.6
790,2017-06-11,28774.69645087861
791,2017-06-12,91200.5037418474
792,2017-06-13,643.1382383494864
793,2017-06-15,103250.32008519689
794,2017-06-16,6921.8756750997845
795,2017-06-17,8887.50926450205
796,2017-06-18,7265.234915784007
797,2017-06-19,23406.633060388
798,2017-06-20,8362.95976171189
799,2017-06-22,3189.6089126509605
800,2017-06-24,9318.176425745369
801,2017-06-26,6653.925935580239
802,2017-06-27,1958.1211761536097
803,2017-06-28,4300.47945657087
804,2017-06-29,15859.961362359612
805,2017-07-03,5657.610234921053
806,2017-07-04,503807.9800410534
807,2017-07-06,19748.586762075924
808,2017-07-07,791.4837216096126
809,2017-07-08,2029.4296054023362
810,2017-07-09,13180.369299698066
811,2017-07-10,7891.997814213686
812,2017-07-11,46212.02063408154
813,2017-07-13,16954.744490420097
814,2017-07-14,13593.740371859116
815,2017-07-15,6161.715401891372
816,2017-07-17,36767.66703891043
817,2017-07-18,18439.16550149747
818,2017-07-20,95497.66998457728
819,2017-07-21,12081.81087943796
820,2017-07-23,22825.699817596735
821,2017-07-24,6348.917137049412
822,2017-07-25,3050.318530304621
823,2017-07-28,23645.15317725686
824,2017-07-29,3958.531309475114
825,2017-07-30,0.0
826,2017-07-31,214.326
827,2017-08-01,3282.9459017729455
828,2017-08-03,19233.299002345244
829,2017-08-04,1164419.8696984765
830,2017-08-06,26906.078658152095
831,2017-08-07,9604.969668023496
832,2017-08-08,7237.362856722775
833,2017-08-10,34213.986412785765
834,2017-08-11,794.1285741008332
835,2017-08-12,27744.595742323432
836,2017-08-13,8851.639779062958
837,2017-08-14,36078.62108563943
838,2017-08-18,129.6
839,2017-08-21,98988.46604316092
840,2017-08-24,9421.316197302935
841,2017-08-25,1450.9810022399965
842,2017-08-27,99364.5393237104
843,2017-08-28,21004.8050872581
844,2017-08-29,6923.464843898084
845,2017-08-31,59313.18256929469
846,2017-09-01,11141.778871493403
847,2017-09-02,199793.73141559758
848,2017-09-03,46002.11629546179
849,2017-09-04,638891.0710463026
850,2017-09-07,4171.110601961821
851,2017-09-09,3901.6173357957045
852,2017-09-10,9288.317263627181
853,2017-09-11,7710.770702264568
854,2017-09-14,3845.9091289119806
855,2017-09-16,16450.248930205686
856,2017-09-17,11139.372700510874
857,2017-09-18,133043.13122301354
858,2017-09-19,7886.980600996907
859,2017-09-21,99863.98032519902
860,2017-09-22,1105.0138709999999
861,2017-09-23,14267.040728741089
862,2017-09-25,68877.18958819455
863,2017-09-28,4156.224390430334
864,2017-09-29,6756.1196956161775
865,2017-09-30,4341.739111660512
866,2017-10-01,86924.5490936794
867,2017-10-02,4399.890956603905
868,2017-10-03,42346.71798842056
869,2017-10-04,592125.1371871326
870,2017-10-07,48449.65244636441
871,2017-10-08,50297.27788255751
872,2017-10-09,1488.4203791949935
873,2017-10-10,8212.740823623735
874,2017-10-12,3278.043194347703
875,2017-10-13,2772.187332647507
876,2017-10-15,3830.8933977742995
877,2017-10-16,2547.3283874239987
878,2017-10-18,2219.5596498188183
879,2017-10-19,179164.28285889968
880,2017-10-20,201.99546723855977
881,2017-10-21,37040.455325417475
882,2017-10-22,333.216
883,2017-10-23,5194.722158815125
884,2017-10-24,3027.368990091846
885,2017-10-27,59451.02378956756
886,2017-10-28,7944.838480008109
887,2017-10-29,3332.9680709868608
888,2017-10-31,16801.55277405877
889,2017-11-03,14177.236775019106
890,2017-11-04,520025.7499309953
891,2017-11-05,11784.184504955012
892,2017-11-10,26018.675404963793
893,2017-11-11,50337.60706095103
894,2017-11-12,29273.06527859855
895,2017-11-13,3086.6439830860136
896,2017-11-16,21949.712507299024
897,2017-11-17,73551.26909600923
898,2017-11-18,28324.776813996054
899,2017-11-19,19196.930386463886
900,2017-11-20,27324.39850581898
901,2017-11-21,6002.783078189335
902,2017-11-25,4241.401398542797
903,2017-11-26,1264.9274141724472
904,2017-11-27,11647.756480678976
905,2017-11-28,13951.584633951012
906,2017-11-30,12911.460026783761
907,2017-12-01,377.90621051533543
908,2017-12-02,0.0
909,2017-12-03,16705.097187095485
910,2017-12-04,301518.94341693167
911,2017-12-05,4018.4972871539803
912,2017-12-07,13951.034789577041
913,2017-12-08,216.0
914,2017-12-10,12132.026724290625
915,2017-12-13,7132.960959905439
916,2017-12-14,5059.332759733566
917,2017-12-16,3206.5919999999996
918,2017-12-18,84017.74661746123
919,2017-12-22,3671.2067935111827
920,2017-12-23,5783.605373382888
921,2017-12-25,1168.724708171514
922,2018-01-02,4502.230464615513
923,2018-01-05,1355045.5955291542
924,2018-01-06,16563.22473688383
925,2018-01-07,6822.737339349449
926,2018-01-08,4280.479049292197
927,2018-01-11,9323.680415241808
928,2018-01-12,6876.858016550519
929,2018-01-13,11852.3174620305
930,2018-01-14,9698.798176172968
931,2018-01-15,26975.29870605369
932,2018-01-16,7751.065753217606
933,2018-01-18,49789.60995247672
934,2018-01-19,3183.3431977701657
935,2018-01-20,7833.887819179152
936,2018-01-22,65330.75491286397
937,2018-01-23,4958.626278792599
938,2018-01-25,15321.261885664007
939,2018-01-27,864.9288
940,2018-01-28,11383.631447292524
941,2018-01-29,6625.8461924387375
942,2018-01-30,3423.321979373641
943,2018-02-02,2835.3792255630624
944,2018-02-03,23410.834828616084
945,2018-02-04,459160.084485211
946,2018-02-05,6444.51632649518
947,2018-02-06,6920.791287720191
948,2018-02-08,8844.57081767156
949,2018-02-09,368.97066
950,2018-02-11,3105.152110559561
951,2018-02-12,29125.879714322196
952,2018-02-13,26139.710845459504
953,2018-02-15,50281.44452399812
954,2018-02-16,96.48
955,2018-02-17,3857.787551714321
956,2018-02-18,20439.79426443181
957,2018-02-19,13730.865589738112
958,2018-02-23,42268.35465753258
959,2018-02-24,6291.935831508294
960,2018-02-25,9909.833269193716
961,2018-02-26,35786.53130061314
962,2018-02-27,3573.7696843699878
963,2018-02-28,1746.675617323134
964,2018-03-03,22072.640949920773
965,2018-03-04,945969.1569340857
966,2018-03-05,10696.6238331848
967,2018-03-08,23047.210284535984
968,2018-03-09,3774.889500416991
969,2018-03-10,4431.15476468271
970,2018-03-11,12492.070584018911
971,2018-03-12,38453.048152313975
972,2018-03-13,1632.7719974862546
973,2018-03-15,35431.614626479546
974,2018-03-17,5146.659937190922
975,2018-03-18,2441.2177632794064
976,2018-03-19,5189.537913459557
977,2018-03-22,2529.0
978,2018-03-23,928.8770645736847
979,2018-03-24,26371.012544043046
980,2018-03-26,35173.28799891251
981,2018-03-27,1601.8750325528135
982,2018-03-28,11888.657600831051
983,2018-03-31,991.0369192656907
984,2018-04-03,22969.431454730355
985,2018-04-04,179145.29261186655
986,2018-04-05,325.62
987,2018-04-07,8596.137624638379
988,2018-04-08,27046.537416755527
989,2018-04-09,27942.981286636932
990,2018-04-10,858.3247524593627
991,2018-04-12,43941.49737025269
992,2018-04-14,742.5791999999999
993,2018-04-15,70960.81927533192
994,2018-04-16,5657.859557481843
995,2018-04-18,15329.256004284074
996,2018-04-19,51295.17783335036
997,2018-04-21,14443.146840433563
998,2018-04-23,48418.44136487464
999,2018-04-24,6828.78524416202
1000,2018-04-26,8764.455210347196
1001,2018-04-28,4619.919540009518
1002,2018-04-30,35927.39164373698
1003,2018-05-03,28102.03362515364
1004,2018-05-04,484414.38860617875
1005,2018-05-05,24575.10780376838
1006,2018-05-06,553.433819272703
1007,2018-05-07,16597.003530621496
1008,2018-05-08,15952.796427880145
1009,2018-05-10,1099.555143211103
1010,2018-05-11,28539.436392365522
1011,2018-05-12,541.9277599580279
1012,2018-05-13,485.973
1013,2018-05-14,11493.051446539866
1014,2018-05-15,7844.873974553482
1015,2018-05-17,9416.05407009955
1016,2018-05-18,109429.04581817561
1017,2018-05-19,3512.5623698653076
1018,2018-05-21,8502.877891624747
1019,2018-05-22,1421.0618079424705
1020,2018-05-23,225.33
1021,2018-05-25,1202.6602492143838
1022,2018-05-27,6856.977464929005
1023,2018-05-28,23555.114595775638
1024,2018-06-02,704.4765347961134
1025,2018-06-03,32555.79839052671
1026,2018-06-04,590940.0355938813
1027,2018-06-05,2692.3315820474418
1028,2018-06-08,21832.19113508815
1029,2018-06-09,26726.489314320177
1030,2018-06-10,25561.409782489274
1031,2018-06-11,9724.079001464253
1032,2018-06-14,27.9853056
1033,2018-06-15,770.0840532858342
1034,2018-06-16,5371.929936135027
1035,2018-06-17,20107.321964054427
1036,2018-06-18,28114.857015901503
1037,2018-06-19,3710.4480504424223
1038,2018-06-23,1353.8383294836701
1039,2018-06-24,13705.854381959909
1040,2018-06-25,10532.957677862787
1041,2018-06-26,1400.4359949882958
1042,2018-06-28,28506.363244295488
1043,2018-06-30,97719.90945534188
1044,2018-07-01,44220.31552852253
1045,2018-07-02,67079.81049043131
1046,2018-07-03,19380.163221237468
1047,2018-07-04,597132.0115127134
1048,2018-07-05,6459.360580125728
1049,2018-07-06,1977.228
1050,2018-07-08,4550.401562735289
1051,2018-07-09,58510.00429005733
1052,2018-07-12,3332.56096510422
1053,2018-07-14,16131.305289542286
1054,2018-07-15,26219.387691311906
1055,2018-07-16,3909.2730572844503
1056,2018-07-17,7357.542466357434
1057,2018-07-18,18511.847152828173
1058,2018-07-20,18162.914225701858
1059,2018-07-21,3169.5144310823075
1060,2018-07-22,17138.32316124661
1061,2018-07-23,25633.769734359892
1062,2018-07-24,8273.718694730584
1063,2018-07-26,1929.862217684384
1064,2018-07-27,177.11093931594206
1065,2018-07-28,8215.978553796056
1066,2018-07-29,60165.77824727217
1067,2018-07-30,17239.876204123244
1068,2018-08-03,55538.33119203333
1069,2018-08-04,734406.0929589852
1070,2018-08-05,57278.913604356894
1071,2018-08-06,2617.618731427787
1072,2018-08-07,2925.592539656868
1073,2018-08-08,6063.1273415900305
1074,2018-08-09,5408.573303807248
1075,2018-08-10,864.9744185169449
1076,2018-08-11,14775.519797593215
1077,2018-08-12,12398.861670733753
1078,2018-08-13,8954.868382967752
1079,2018-08-17,241.27672095724543
1080,2018-08-18,2710.386877575739
1081,2018-08-19,856.1549130738854
1082,2018-08-23,87279.39026468107
1083,2018-08-24,904.1387436566606
1084,2018-08-25,4829.891748589472
1085,2018-08-26,14178.340570229719
1086,2018-08-27,5660.178657278976
1087,2018-08-28,1631.7257510294096
1088,2018-08-30,3985.586895562345
1089,2018-08-31,7752.037316272798
1090,2018-09-01,126426.44964356159
1091,2018-09-02,11465.048549904543
1092,2018-09-03,62874.36609824016
1093,2018-09-04,280694.405748625
1094,2018-09-06,12184.616181175948
1095,2018-09-07,2242.731499126715
1096,2018-09-08,7917.952720421296
1097,2018-09-10,27836.27609111915
1098,2018-09-13,71232.96424070119
1099,2018-09-14,25663.02363663167
1100,2018-09-15,4863.965325211862
1101,2018-09-17,1114.7255250319852
1102,2018-09-18,18485.93290516165
1103,2018-09-20,11921.586740210776
1104,2018-09-21,6450.299126914932
1105,2018-09-22,11321.991986155454
1106,2018-09-23,20157.475003564647
1107,2018-09-24,51423.966123441875
1108,2018-09-25,985.3334234224016
1109,2018-09-27,17057.772866629603
1110,2018-09-28,2806.6701254463596
1111,2018-09-30,3126.9684726411188
1112,2018-10-01,15892.655766867862
1113,2018-10-02,16296.592526233855
1114,2018-10-03,17492.603270563093
1115,2018-10-04,720246.5677853702
1116,2018-10-05,13669.5232985621
1117,2018-10-07,21593.18839248926
1118,2018-10-08,18810.557260561673
1119,2018-10-12,12838.273191789145
1120,2018-10-13,10449.630211176864
1121,2018-10-14,543.4754900075307
1122,2018-10-15,366.8543999999993
1123,2018-10-16,7266.898099291734
1124,2018-10-18,7060.166827491221
1125,2018-10-19,30423.7198683947
1126,2018-10-20,15189.184072873479
1127,2018-10-21,2906.7803999999987
1128,2018-10-22,750.1823999999923
1129,2018-10-23,2588.641715638543
1130,2018-10-25,2895.357168790141
1131,2018-10-27,10352.827741392117
1132,2018-10-28,3416.3191590773786
1133,2018-10-29,114102.20004914612
1134,2018-11-01,992.1108721627083
1135,2018-11-02,13920.355081261165
1136,2018-11-03,7260.194345511739
1137,2018-11-04,1151406.5960743474
1138,2018-11-05,16968.460096834715
1139,2018-11-08,11078.020694606686
1140,2018-11-09,5162.974866889165
1141,2018-11-10,24729.245252119796
1142,2018-11-11,20582.679378430817
1143,2018-11-12,6054.560856673994
1144,2018-11-13,3411.6970997297667
1145,2018-11-15,149428.98329586769
1146,2018-11-16,13858.437023969002
1147,2018-11-17,1040.0258901075697
1148,2018-11-18,12070.923498413658
1149,2018-11-19,8919.257296574275
1150,2018-11-20,4997.9460954741535
1151,2018-11-22,86298.56194394932
1152,2018-11-23,437.0833508777395
1153,2018-11-24,7349.898310975774
1154,2018-11-26,14536.081304470667
1155,2018-11-28,5633.156498064813
1156,2018-11-30,770.8619445743425
1157,2018-12-01,2986.029888931067
1158,2018-12-03,6749.5474615526355
1159,2018-12-04,516881.93843807204
1160,2018-12-06,11844.018071201092
1161,2018-12-07,1481.1384
1162,2018-12-08,1517.5557096374491
1163,2018-12-10,712.6920472490546
1164,2018-12-13,14758.323916554806
1165,2018-12-15,537.3
1166,2018-12-17,2635.097165542238
1167,2018-12-18,8052.428250618604
1168,2018-12-20,3294.049974461302
1169,2018-12-22,3693.965312410206
1170,2018-12-24,1934.2757653964911
1171,2018-12-29,3285.6261853217916
1172,2019-01-02,39784.742185657255
1173,2019-01-05,1573540.2349588198
1174,2019-01-06,4877.715514925686
1175,2019-01-07,1697348.5957118354
1176,2019-01-10,13882.715960990025
1177,2019-01-11,5380.0599612973365
1178,2019-01-13,14843.475656256904
1179,2019-01-14,22263.40424564946
1180,2019-01-15,1684.7773593344139
1181,2019-01-17,680.2515060000001
1182,2019-01-18,8798.859800651457
1183,2019-01-19,10699.439383416167
1184,2019-01-20,6688.765168212703
1185,2019-01-21,16159.62334009501
1186,2019-01-22,4124.900345410877
1187,2019-01-24,88869.2564538102
1188,2019-01-25,690.6714148877054
1189,2019-01-26,537.3
1190,2019-01-27,1359.438318
1191,2019-01-28,11186.519406560128
1192,2019-01-29,2327.1694403423508
1193,2019-02-01,1901.9031631546793
1194,2019-02-02,835.586094
1195,2019-02-03,11104.186082364646
1196,2019-02-04,894630.8150011231
1197,2019-02-05,5025.868445829782
1198,2019-02-09,25631.368649047865
1199,2019-02-10,1965.354979008693
1200,2019-02-11,36706.32308398306
1201,2019-02-13,7700.179970035837
1202,2019-02-14,4818.230286380055
1203,2019-02-16,1993.0913829274837
1204,2019-02-17,16151.500521461807
1205,2019-02-18,29463.52728291785
1206,2019-02-19,5482.514718363445
1207,2019-02-22,4902.853674451442
1208,2019-02-25,10395.854530681287
1209,2019-02-26,5566.1824278918175
1210,2019-02-28,3853.5600356527416
1211,2019-03-01,126715.36773739645
1212,2019-03-02,5874.096333149392
1213,2019-03-03,33006.876781718835
1214,2019-03-04,638759.1528238854
1215,2019-03-05,3927.441972948701
1216,2019-03-08,12642.130564646977
1217,2019-03-09,12534.940611764647
1218,2019-03-10,1961.7372790883414
1219,2019-03-11,5643.420839962116
1220,2019-03-12,8673.57119835293
1221,2019-03-14,1282.0344707991676
1222,2019-03-15,54.0
1223,2019-03-16,5179.685064637824
1224,2019-03-18,17986.334377929936
1225,2019-03-21,5426.489504129391
1226,2019-03-22,416.7948815127248
1227,2019-03-23,703.1217785846502
1228,2019-03-24,4890.230550750173
1229,2019-03-25,18640.37895327544
1230,2019-03-27,10660.676512828903
1231,2019-03-28,5630.660687579292
1232,2019-03-29,27299.30033507525
1233,2019-03-30,3537.9641761442253
1234,2019-03-31,9119.70869092564
1235,2019-04-01,12717.521237926596
1236,2019-04-02,3044.376643708754
1237,2019-04-03,1201.3106798784943
1238,2019-04-04,375230.36097471404
1239,2019-04-05,7892.639999999985
1240,2019-04-06,72455.93364860225
1241,2019-04-08,16191.347957044169
1242,2019-04-09,13599.229888142321
1243,2019-04-11,551.8201394829837
1244,2019-04-13,8842.044093799015
1245,2019-04-14,11267.98279406107
1246,2019-04-15,45269.740870868714
1247,2019-04-18,13895.240928161062
1248,2019-04-19,33287.33154161098
1249,2019-04-20,40467.553521425994
1250,2019-04-22,9935.460632697332
1251,2019-04-25,4028.4060805621352
1252,2019-04-26,1286.49599999999
1253,2019-04-28,27135.296581389473
1254,2019-04-30,11141.574193836128
1255,2019-05-03,9421.14583869995
1256,2019-05-04,734054.9714333822
1257,2019-05-05,13268.168725948086
1258,2019-05-09,6216.675915488344
1259,2019-05-10,1644.3648
1260,2019-05-11,47772.82620937832
1261,2019-05-13,20540.344402996845
1262,2019-05-14,12385.607754508346
1263,2019-05-16,17034.56781507305
1264,2019-05-17,230.20023670849477
1265,2019-05-18,24530.37580273434
1266,2019-05-19,16850.742873678668
1267,2019-05-20,18908.483945135973
1268,2019-05-21,2360.9174354280053
1269,2019-05-23,14677.104898821419
1270,2019-05-27,16727.254712380123
1271,2019-05-28,12711.5234549303
1272,2019-05-30,533.8655508713605
1273,2019-05-31,6105.090597011519
1274,2019-06-02,5528.032499924086
1275,2019-06-03,36508.04783104427
1276,2019-06-04,662272.8320071063
1277,2019-06-06,3021.708806529636
1278,2019-06-08,1640.2217395482335
1279,2019-06-10,14901.110968958032
1280,2019-06-11,9787.636446739487
1281,2019-06-13,10409.748544891478
1282,2019-06-14,5190.3257125301725
1283,2019-06-16,1634.2987295320727
1284,2019-06-17,35584.782157055866
1285,2019-06-18,15104.487835694019
1286,2019-06-22,20099.212403807356
1287,2019-06-23,4948.582609892774
1288,2019-06-24,10923.43163938571
1289,2019-06-25,4158.568798106895
1290,2019-06-27,1989.5846301054771
1291,2019-06-28,27028.131689337024
1292,2019-06-30,3024.0
1293,2019-07-01,14696.050427890648
1294,2019-07-02,6625.51167342673
1295,2019-07-03,10911.352163801203
1296,2019-07-04,893289.275357067
1297,2019-07-05,608.9399999999999
1298,2019-07-08,20964.07238792422
1299,2019-07-11,19240.033158468825
1300,2019-07-13,27740.64392567804
1301,2019-07-15,33840.362921676926
1302,2019-07-18,17944.8615945751
1303,2019-07-19,216.0
1304,2019-07-20,29141.358457691862
1305,2019-07-21,27016.5762917239
1306,2019-07-22,1113.058227942114
1307,2019-07-23,24942.820831953628
1308,2019-07-25,14716.876710079754
1309,2019-07-27,567.3836378291647
1310,2019-07-28,6321.353809501215
1311,2019-07-29,70263.15988034412
1312,2019-08-01,1261.1227441850438
1313,2019-08-02,56673.485169415864
1314,2019-08-03,19121.54018378057
1315,2019-08-04,824750.6083193163
1316,2019-08-05,231.46777980553153
1317,2019-08-06,4217.289655460432
1318,2019-08-10,14120.981948269182
1319,2019-08-11,8798.794643807983
1320,2019-08-12,23127.378111018013
1321,2019-08-13,3691.0634674115213
1322,2019-08-17,131.904
1323,2019-08-18,13876.078243075985
1324,2019-08-22,12951.336295306148
1325,2019-08-25,43376.33999814803
1326,2019-08-29,10615.512331220398
1327,2019-08-31,5922.209726526642
1328,2019-09-02,8877.749557374762
1329,2019-09-03,8968.044259577233
1330,2019-09-04,435275.83054550196
1331,2019-09-05,409.9963088208534
1332,2019-09-06,2025.1736583244049
1333,2019-09-07,3427.0243565846854
1334,2019-09-08,10740.125307838145
1335,2019-09-09,5736.2271511704075
1336,2019-09-10,1999.4979225611794
1337,2019-09-13,20404.640669527915
1338,2019-09-14,4029.2955411152507
1339,2019-09-15,39197.989176067706
1340,2019-09-16,31264.098421086008
1341,2019-09-18,21989.17474498724
1342,2019-09-19,6062.040440806032
1343,2019-09-21,2548.512305014641
1344,2019-09-22,5463.670719474252
1345,2019-09-23,17043.39496438922
1346,2019-09-28,12761.205934582616
1347,2019-09-29,38380.9695383099
1348,2019-09-30,0.0
1349,2019-10-03,134.53733536830092
1350,2019-10-04,800757.8477314328
1351,2019-10-05,650.8512935559946
1352,2019-10-07,20477.13809095488
1353,2019-10-11,23137.740231404
1354,2019-10-12,9861.234375292315
1355,2019-10-13,3700.7682161389957
1356,2019-10-14,22151.37562072716
1357,2019-10-15,578.0677116614296
1358,2019-10-17,5893.643006634233
1359,2019-10-18,9839.35978345268
1360,2019-10-20,9046.525147163242
1361,2019-10-22,2127.7352781487093
1362,2019-10-24,4989.335969172885
1363,2019-10-25,698.0408041150779
1364,2019-10-27,4118.8818757548215
1365,2019-10-28,4597.019651181599
1366,2019-10-31,13260.57428256269
1367,2019-11-01,1983.6638959679728
1368,2019-11-02,4972.794090202139
1369,2019-11-03,12726.715294676233
1370,2019-11-04,670975.8167639993
1371,2019-11-07,4604.793038064887
1372,2019-11-08,49996.97543167105
1373,2019-11-09,2520.81444047023
1374,2019-11-10,2732.3768873824883
1375,2019-11-11,7155.16021145663
1376,2019-11-12,897.739995181161
1377,2019-11-13,892.0206478278454
1378,2019-11-14,2265.8399999999997
1379,2019-11-15,1782.699964018564
1380,2019-11-17,90.0
1381,2019-11-18,28792.452198495394
1382,2019-11-19,758.1
1383,2019-11-23,13654.847199367894
1384,2019-11-24,22288.363575555457
1385,2019-11-25,1553.3873844162697
1386,2019-11-26,5043.854720249146
1387,2019-11-28,6081.471320078935
1388,2019-11-29,984.3889954368077
1389,2019-11-30,7448.961208274908
1390,2019-12-02,2929.703262866354
1391,2019-12-03,7178.660702459552
1392,2019-12-04,428990.31858334574
1393,2019-12-06,7140.595836501272
1394,2019-12-08,10130.069039534716
1395,2019-12-09,8134.43028935862
1396,2019-12-12,4965.097958306994
1397,2019-12-15,0.0
1398,2019-12-16,6982.033481996617
1399,2019-12-18,4090.6076016042985
1400,2019-12-19,1334.4940675183916
1401,2019-12-23,989.5531053954094
1402,2019-12-25,631.0332
1403,2020-01-02,2479.503472258023
1404,2020-01-03,7088.8285762693395
1405,2020-01-05,932592.2899379415
1406,2020-01-06,7299.332774508227
1407,2020-01-10,25556.765997040708
1408,2020-01-12,4614.8147531859695
1409,2020-01-13,35030.94792853623
1410,2020-01-17,29378.319778785914
1411,2020-01-18,13989.339895328758
1412,2020-01-20,599.2509815213392
1413,2020-01-23,5416.062083852412
1414,2020-01-24,4071.2601388263074
1415,2020-01-26,51629.70904306806
1416,2020-01-27,3804.7784691667757
1417,2020-01-28,10095.08106614904
1418,2020-01-30,70493.96136197561
1419,2020-01-31,290.8224
1420,2020-02-02,22565.850052888567
1421,2020-02-03,3558.239506833171
1422,2020-02-04,683415.0345670726
1423,2020-02-06,63049.98596840616
1424,2020-02-08,4566.4611703389855
1425,2020-02-09,12393.55734747587
1426,2020-02-10,6958.736183954452
1427,2020-02-13,20522.068440402167
1428,2020-02-14,495.689052772757
1429,2020-02-17,18108.274550766553
1430,2020-02-18,10943.528255625284
1431,2020-02-20,6720.893193859035
1432,2020-02-22,9451.467769389068
1433,2020-02-23,67910.2822950885
1434,2020-02-24,5815.868294225409
1435,2020-02-28,3993.002352585011
1436,2020-02-29,16004.84331131848
1437,2020-03-02,2014.6191087683633
1438,2020-03-03,1399.5755265246262
1439,2020-03-04,430875.39174117177
1440,2020-03-07,10702.004617215787
1441,2020-03-09,14445.777192790054
1442,2020-03-13,43994.9703559346
1443,2020-03-14,37234.04734361872
1444,2020-03-15,31158.93981843933
1445,2020-03-16,7121.304008186962
1446,2020-03-17,717.9893163984599
1447,2020-03-18,15904.090322212209
1448,2020-03-19,7130.026500132439
1449,2020-03-22,3814.9973219638264
1450,2020-03-23,1954.8520656742653
1451,2020-03-27,4510.079999999992
1452,2020-03-28,14342.15052332186
1453,2020-03-30,31803.77997610996
1454,2020-04-02,14154.006452879494
1455,2020-04-03,19945.642484044332
1456,2020-04-04,287235.27423891315
1457,2020-04-06,12349.6389356861
1458,2020-04-09,14097.306635548368
1459,2020-04-10,11454.337761036839
1460,2020-04-11,1094.841621026181
1461,2020-04-12,8330.69305983245
1462,2020-04-13,5105.43877444199
1463,2020-04-17,3827.047906117995
1464,2020-04-18,21670.88339250355
1465,2020-04-19,9031.2411039449
1466,2020-05-02,7078.789433148382
1467,2020-05-03,2354.7037522711216
1468,2020-05-04,325236.7789751835
1469,2020-05-07,3642.473197990348
1470,2020-05-09,6173.408200371659
1471,2020-05-10,393.1773185784124
1472,2020-05-14,7325.462259246731
1473,2020-05-15,1171.1736297164243
1474,2020-05-16,4602.795834532043
1475,2020-05-18,3882.1059150605174
1476,2020-05-22,16479.415251197097
1477,2020-05-23,4985.663688073538
1478,2020-05-25,19239.23781589178
1479,2020-05-28,81836.17682662416
1480,2020-06-02,5621.293002534014
1481,2020-06-03,214.5975796619547
1482,2020-06-04,314361.99396594474
1483,2020-06-05,0.0
1484,2020-06-08,5771.599206627269
1485,2020-06-09,976.3481028062855
1486,2020-06-11,4670.038785475937
1487,2020-06-12,295.831532887427
1488,2020-06-13,11707.03006943183
1489,2020-06-14,5036.209398666783
1490,2020-06-19,2638.7943590866826
1491,2020-06-20,2880.0
1492,2020-06-22,18047.717566339266
1493,2020-06-23,1179.0554259800351
1494,2020-06-25,5756.535582067002
1495,2020-06-26,1916.1017660867362
1496,2020-06-28,3560.387498914092
1497,2020-06-29,4857.0992185361565
1498,2020-07-03,5547.825646649961
1499,2020-07-04,428954.6965470676
1500,2020-07-05,8843.11892717612
1501,2020-07-11,6821.602681567068
1502,2020-07-13,10241.45228777103
1503,2020-07-18,38722.46334303891
1504,2020-07-19,16667.1640468954
1505,2020-07-20,3333.6369723485677
1506,2020-07-23,852.7754747432842
1507,2020-07-24,6501.420721945992
1508,2020-07-25,7021.6387162788305
1509,2020-07-27,7273.284629641273
1510,2020-07-28,6042.030971714199
1511,2020-07-30,21959.320130109856
1512,2020-08-01,6235.158144416261
1513,2020-08-02,17061.18717029244
1514,2020-08-03,27258.121363076654
1515,2020-08-04,361035.2880372572
1516,2020-08-06,9076.323646117286
1517,2020-08-09,2424.2636917263535
1518,2020-08-10,1706.4577542480172
1519,2020-08-13,1565.1469223672798
1520,2020-08-15,668.1767014012102
1521,2020-08-16,7705.5303859539745
1522,2020-08-17,1507.4213308211688
1523,2020-08-18,3745.48906967928
1524,2020-08-23,41873.94436773561
1525,2020-08-24,3924.3100426175424
1526,2020-08-27,15397.55598830962
1527,2020-08-28,12918.664185154965
1528,2020-08-29,10702.683343177736
1529,2020-08-30,1774.8670508055698
1530,2020-09-03,26574.365079878662
1531,2020-09-04,579651.8384233547
1532,2020-09-05,21521.784464070828
1533,2020-09-07,10133.31805895348
1534,2020-09-08,535.5365509260721
1535,2020-09-10,12195.541983023128
1536,2020-09-11,984.075704527243
1537,2020-09-12,2449.857904474464
1538,2020-09-13,18541.580705687255
1539,2020-09-14,2558.6862254426374
1540,2020-09-17,1517.970561056681
1541,2020-09-18,28858.020572037556
1542,2020-09-19,6375.875914213549
1543,2020-09-22,2589.098298055163
1544,2020-09-24,1275.623215982837
1545,2020-09-25,27065.59242893941
1546,2020-09-26,5246.764360089454
1547,2020-09-28,18528.692711939933
1548,2020-10-01,18911.279835760506
1549,2020-10-02,21461.791267465316
1550,2020-10-03,14009.61348401862
1551,2020-10-04,431737.94756380137
1552,2020-10-05,5915.5417808793
1553,2020-10-06,11764.976672112747
1554,2020-10-08,22871.09826901923
1555,2020-10-09,4061.823412802953
1556,2020-10-10,37572.53830681709
1557,2020-10-11,523.8723342105901
1558,2020-10-12,33681.423841704374
1559,2020-10-16,360.72226641924533
1560,2020-10-17,214.04794236805574
1561,2020-10-18,11900.073417805577
1562,2020-10-20,1350.6047284003505
1563,2020-10-22,1339.1783062281572
1564,2020-10-23,3870.2585096267103
1565,2020-10-24,47166.10682986934
1566,2020-10-25,2897.3685073821057
1567,2020-10-26,8219.559855986248
1568,2020-10-27,1265.6254012112456
1569,2020-10-28,2550.7562143009927
1570,2020-10-30,52955.15863122521
1571,2020-10-31,21200.53154244103
1572,2020-11-01,9802.866240938725
1573,2020-11-02,15960.500914719021
1574,2020-11-03,21330.891074060644
1575,2020-11-04,498956.7390295409
1576,2020-11-05,5553.135333582242
1577,2020-11-06,9318.224529273755
1578,2020-11-07,82004.10060909865
1579,2020-11-08,8799.293485465634
1580,2020-11-09,960.4543151433833
1581,2020-11-10,4819.712014434015
1582,2020-11-12,993.8875255588927
1583,2020-11-13,58689.62779284591
1584,2020-11-15,37449.80216748049
1585,2020-11-16,3915.177277042845
1586,2020-11-18,1530.792788581019
1587,2020-11-19,2250.874870296232
1588,2020-11-20,5127.334796121166
1589,2020-11-21,4215.631436819542
1590,2020-11-22,2721.5596851651608
1591,2020-11-23,29700.737881568504
1592,2020-11-24,2930.5323529445827
1593,2020-11-27,7182.57355797052
1594,2020-11-28,8811.645873001818
1595,2020-11-29,7808.820023040753
1596,2020-11-30,4460.30710322383
1597,2020-12-03,15957.30911174466
1598,2020-12-04,172894.033522673
1599,2020-12-05,670.7699368215012
1600,2020-12-06,680.9374429064586
1601,2020-12-07,2879.301896675688
1602,2020-12-10,200.93763893030743
1603,2020-12-11,3113.2832296613374
1604,2020-12-12,23552.823353706106
1605,2020-12-13,6149.977557486951
1606,2020-12-14,147.03775042472813
1607,2020-12-17,5016.5565585480435
1608,2020-12-18,46455.66836042756
1609,2020-12-19,0.0
1610,2020-12-20,1138.1163712807934
1611,2020-12-21,45020.010577784196
1612,2020-12-24,808.7211812840858
1613,2020-12-25,8384.759559251295
1614,2020-12-26,13690.223490719474
1615,2020-12-28,2719.212229538054
1616,2021-01-02,269.0337914713826
1617,2021-01-03,209.8105907353078
1618,2021-01-04,21009.043717282784
1619,2021-01-05,1395497.446154096
1620,2021-01-08,6490.791534616896
1621,2021-01-10,271.2343404683717
1622,2021-01-11,2055.4713903699667
1623,2021-01-14,9329.577122633214
1624,2021-01-15,5676.098241898085
1625,2021-01-17,15239.397570593237
1626,2021-01-18,9938.331394113198
1627,2021-01-21,1003.1152488785496
1628,2021-01-24,33671.22252948539
1629,2021-01-25,27410.30746235957
1630,2021-01-26,9921.33879272892
1631,2021-01-28,12221.577141439971
1632,2021-01-30,4829.218036629346
1633,2021-01-31,3209.766904712863
1634,2021-02-01,72549.884144673
1635,2021-02-02,21952.022116733177
1636,2021-02-03,1439.2886222973334
1637,2021-02-04,950279.5667288613
1638,2021-02-05,625.2966
1639,2021-02-06,1298.2312410506836
1640,2021-02-08,1804.1574930041195
1641,2021-02-11,26190.115167817803
1642,2021-02-13,4681.283801481038
1643,2021-02-14,0.0
1644,2021-02-15,13597.609621008687
1645,2021-02-18,12442.200052456157
1646,2021-02-19,10824.14860415503
1647,2021-02-21,38373.05746652579
1648,2021-02-22,1279.9690024957974
1649,2021-02-23,3101.193912869865
1650,2021-02-25,23356.838027116122
1651,2021-02-26,612.583133450956
1652,2021-02-27,13261.242346764431
1653,2021-02-28,27859.57071971098
1654,2021-03-01,15342.228565494635
1655,2021-03-03,3535.616898925172
1656,2021-03-04,1105375.226404155
1657,2021-03-05,7957.355473407282
1658,2021-03-06,19110.317633128336
1659,2021-03-07,88614.36753198825
1660,2021-03-08,5826.873181474308
1661,2021-03-11,14243.27465439392
1662,2021-03-12,1220.7399412833802
1663,2021-03-13,11352.146277262542
1664,2021-03-14,3297.9473870790457
1665,2021-03-15,5665.5701430625995
1666,2021-03-16,1154.658357696975
1667,2021-03-18,20536.975723495532
1668,2021-03-19,7831.437978593864
1669,2021-03-20,25452.18279886887
1670,2021-03-21,6189.944370037615
1671,2021-03-25,369.19816576031985
1672,2021-03-26,1371.0068383570815
1673,2021-03-28,15483.696721885151
1674,2021-03-29,2293.5388413053797
1675,2021-04-01,15664.51396754802
1676,2021-04-02,1832.4078423053465
1677,2021-04-03,31544.927467542064
1678,2021-04-04,481412.7067479896
1679,2021-04-09,30143.702400842445
1680,2021-04-10,194.65618421150313
1681,2021-04-11,20922.636219381213
1682,2021-04-12,6553.48873679545
1683,2021-04-13,4437.320421297425
1684,2021-04-15,629.3786344546395
1685,2021-04-16,27187.672424792712
1686,2021-04-18,18666.197184005236
1687,2021-04-19,17369.359976743624
1688,2021-04-23,8469.977921440675
1689,2021-04-24,35236.14064506077
1690,2021-04-26,11346.165379596925
1691,2021-04-27,115.2
1692,2021-04-28,2929.720919607447
1693,2021-04-29,17025.27760357972
1694,2021-04-30,5051.374883116863
1695,2021-05-01,2727.6359216934743
1696,2021-05-03,24984.157142455624
1697,2021-05-04,956474.2024927515
1698,2021-05-06,5677.638342669669
1699,2021-05-07,10725.032583334118
1700,2021-05-08,61399.41181753379
1701,2021-05-09,6983.044217651568
1702,2021-05-10,11935.507353797431
1703,2021-05-13,10394.451114183881
1704,2021-05-14,14170.203510007319
1705,2021-05-15,275.4652210066912
1706,2021-05-16,16870.9558624742
1707,2021-05-17,107218.63172534121
1708,2021-05-18,5173.511687858141
1709,2021-05-20,4099.242176963149
1710,2021-05-21,113003.32685222964
1711,2021-05-22,1000.0884654919573
1712,2021-05-23,4687.526634005108
1713,2021-05-24,12153.004583088896
1714,2021-05-28,18608.837085056235
1715,2021-05-29,6538.786289849133
1716,2021-05-30,692.6771387703097
1717,2021-05-31,3759.8455920623037
1718,2021-06-02,167.3999999999994
1719,2021-06-03,66767.33497012332
1720,2021-06-04,22048.641427219416
1721,2021-06-06,5647.921181048616
1722,2021-06-07,6692.708998016606
1723,2021-06-10,6336.019548141601
